norm_type,epsilon,l2_radius,mrs_face,mrs_general,mean_ssim,runtime_seconds
linf,0.030000,11.639381,0.954361,0.913164,0.953077,290.554198
l2,0.030000,11.639381,0.979270,0.966428,0.998016,252.695532
