variable,value,mrs_face,mrs_general,mean_ssim,runtime_seconds
num_steps,25,0.923305,0.879342,0.955552,233.603946
num_steps,50,0.913877,0.892190,0.942905,359.670023
num_steps,100,0.889345,0.893467,0.934907,535.302290
