{
  "settings": {
    "epsilon": 0.03,
    "num_steps": 100,
    "alpha_fraction": 0.1,
    "l2_lambda": 0.01,
    "norm": "linf",
    "face_loss": "combined_clip_plus_facenet",
    "general_loss": "clip_only",
    "success_threshold": 0.3
  },
  "num_rows": 2,
  "num_valid_rows": 2,
  "num_failed_rows": 0,
  "face": {
    "count": 1,
    "success_rate": 0.0,
    "mrs_mean": 0.8863658905029297,
    "mrs_std": 0.0,
    "mrs_p10": 0.8863658905029297,
    "mrs_p90": 0.8863658905029297
  },
  "general_by_category": [
    {
      "category": "scene",
      "count": 1,
      "success_rate": 0.0,
      "mrs_mean": 0.8749645948410034,
      "confidence_drop_mean": 0.0837697982788086
    }
  ],
  "perceptual": {
    "mean_ssim": 0.9338534467553767,
    "min_ssim": 0.9175219599513688,
    "ssim_pass_rate": 0.0,
    "mean_psnr_db": 36.283319332062774,
    "min_psnr_db": 34.73676997727314,
    "psnr_pass_rate": 0.5
  },
  "robustness": {
    "pgd_mean_similarity": 0.8806652426719666,
    "jpeg90_mean_similarity": 0.8749910891056061,
    "resize50_mean_similarity": 0.8786248564720154,
    "gaussian05_mean_similarity": 0.881231278181076
  },
  "runtime": {
    "mean_preprocess_s": 0.13995594999869354,
    "mean_detection_s": 0.8046984999964479,
    "mean_initial_embedding_s": 2.6820648000066285,
    "mean_attack_pgd_s": 104.7456117499969,
    "mean_verify_s": 22.518197199999122,
    "mean_output_s": 0.10775310000462923,
    "mean_total_s": 130.99828130000242,
    "p90_total_s": 167.68987873999723,
    "max_total_s": 176.86277809999592,
    "runtime_under_target_rate": 0.0
  },
  "fgsm": {
    "pgd_mrs_mean": 0.8806652426719666,
    "fgsm_mrs_mean": 0.8618416786193848,
    "pgd_success_rate": 0.0,
    "fgsm_success_rate": 0.0,
    "mrs_gap_fgsm_minus_pgd": -0.018823564052581787
  },
  "warnings": [
    "Mean SSIM is below the 0.98 imperceptibility target. Consider reducing epsilon and rerunning all benchmarks.",
    "Mean pipeline runtime exceeds the 45-second CPU target. Profile attack and oracle verification stages for optimization."
  ]
}